{
    "components": [
        {
            "cachedName": "LWJGL 2",
            "cachedVersion": "2.9.4+legacyfabric.15",
            "dependencyOnly": true,
            "uid": "org.lwjgl",
            "version": "2.9.4+legacyfabric.15"
        },
        {
            "cachedName": "Minecraft",
            "cachedRequires": [
                {
                    "suggests": "2.9.4+legacyfabric.15",
                    "uid": "org.lwjgl"
                }
            ],
            "cachedVersion": "b1.7.3",
            "important": true,
            "uid": "net.minecraft",
            "version": "b1.7.3"
        },
        {
            "cachedName": "Intermediary Mappings",
            "cachedRequires": [
                {
                    "equals": "b1.7.3",
                    "uid": "net.minecraft"
                }
            ],
            "cachedVersion": "b1.7.3",
            "dependencyOnly": true,
            "uid": "net.fabricmc.intermediary",
            "version": "b1.7.3"
        },
        {
            "cachedName": "Fabric Loader",
            "cachedRequires": [
                {
                    "uid": "net.fabricmc.intermediary"
                }
            ],
            "cachedVersion": "0.18.4",
            "uid": "net.fabricmc.fabric-loader",
            "version": "0.18.4"
        },
        {
            "cachedName": "slf4j-api",
            "cachedVersion": "org.slf4j:slf4j-api:",
            "uid": "org.slf4j.slf4j-api"
        },
        {
            "cachedName": "log4j-slf4j2-impl",
            "cachedVersion": "org.apache.logging.log4j:log4j-slf4j2-impl:",
            "uid": "org.apache.logging.log4j.log4j-slf4j2-impl"
        },
        {
            "cachedName": "log4j-api",
            "cachedVersion": "org.apache.logging.log4j:log4j-api:",
            "uid": "org.apache.logging.log4j.log4j-api"
        },
        {
            "cachedName": "log4j-core",
            "cachedVersion": "org.apache.logging.log4j:log4j-core:",
            "uid": "org.apache.logging.log4j.log4j-core"
        },
        {
            "cachedName": "fastutil",
            "cachedVersion": "it.unimi.dsi:fastutil:",
            "uid": "it.unimi.dsi.fastutil"
        },
        {
            "cachedName": "gson",
            "cachedVersion": "com.google.code.gson:gson:",
            "uid": "com.google.code.gson.gson"
        },
        {
            "cachedName": "logger-config",
            "cachedVersion": "net.ornithemc:logger-config:",
            "uid": "net.ornithemc.logger-config"
        },
        {
            "cachedName": "guava",
            "cachedVersion": "com.google.guava:guava:",
            "disabled": true,
            "uid": "com.google.guava.guava"
        },
        {
            "cachedName": "commons-codec",
            "cachedVersion": "commons-codec:commons-codec:",
            "uid": "commons-codec.commons-codec"
        },
        {
            "cachedName": "commons-compress",
            "cachedVersion": "org.apache.commons:commons-compress:",
            "uid": "org.apache.commons.commons-compress"
        },
        {
            "cachedName": "commons-io",
            "cachedVersion": "commons-io:commons-io:",
            "uid": "commons-io.commons-io"
        },
        {
            "cachedName": "commons-lang3",
            "cachedVersion": "org.apache.commons:commons-lang3:",
            "uid": "org.apache.commons.commons-lang3"
        },
        {
            "cachedName": "commons-logging",
            "cachedVersion": "commons-logging:commons-logging:",
            "uid": "commons-logging.commons-logging"
        },
        {
            "cachedName": "httpcore",
            "cachedVersion": "org.apache.httpcomponents:httpcore:",
            "uid": "org.apache.httpcomponents.httpcore"
        },
        {
            "cachedName": "httpclient",
            "cachedVersion": "org.apache.httpcomponents:httpclient:",
            "uid": "org.apache.httpcomponents.httpclient"
        }
    ],
    "formatVersion": 1
}
